OFFICE|OFFICE|
WYN|WAYAN|
FKR|FIQRIE RAHMAN|
MGS|MARGONO SANTOSO|
ERI|DRH.ERI SUSANTO|
TEF|DRH TUTY ELVI FARIDA|
SGT|DRH.SIGIT ARIBOWO|
TM|DRH.TOMMY NAZAR|
MUH|DRH.MUHAN ARIAWAN|
ANIS|DRH.ANIS SETYOWATI|
FJR|FAJARULLAH|
DND|DONALD|
ED|DRH.ERI DESRA|
HAR|HARYADI A.MD|
HENDRI|DRH.HENDRI KURNIAWAN|
YADI|HARYADI, A.MD|
HENI|DRH.HENI WAHYU P|
WENNY|DRH WENNY|
HARIS|HARIS|
