amy|amy|amy|acc01|
zizah|zizah|zizah|acc01|
leni|leni|leni|prc01|
mis|mis|mis|prc01|
amedp|and|Andre EDP|acc01|
yudi|yu|Yudi|inv01|
aing|ai|Oline|inv01|
mito|mi|Mito|inv01|
dba|sehat01|admin|admin|
teddy|teddy|Teddy|inv01|
sany|SHUNSHINE|Sany|acc01|
